sample_name	mutation	animal_contact	plate_id	well_id
sample.sdf	WT	yes	1	A1
sample.1254r	WT	yes	1	A2
sample.z45tg	WT	no	1	B1
sample.j76	WT	no	1	B2
sample.34gq	WT	no	2	A1
sample.3b	WT	yes	2	C2
sample.2b465	WT	yes	2	B2
sample.8n74	WT	no	1	A8
sample.9m85	WT	no	1	B8
sample.v86	WT	no	1	C1
sample.m56	WT	yes	1	D3
sample.nhzn	WT	yes	1	D2
sample.2b4653	WT	no	1	A3
sample.5	WT	no	2	A4
sample.h5	WT	no	1	F5
sample.43g	WT	yes	2	F4
sample.f34	WT	yes	2	G2
sample.hg53	WT	no	1	B3
sample.h43	WT	no	1	B5
sample.6j	WT	no	1	A7
sample.34f	WT	yes	2	A4
sample.f32	+	yes	1	A5
sample.dfgh	+	no	1	A6
sample.dfgaerw	+	no	1	B7
sample.tmkuz	+	no	1	B6
sample.ztek	+	yes	2	F1
sample.wert45	+	yes	2	F2
sample.tui	+	no	2	H1
sample.ybv	+	no	1	F1
sample.aertbdf4	+	no	1	F2
sample.ert6z43	+	yes	1	F3
sample.65wju	+	yes	1	F4
sample.k567	+	no	1	F5
sample.563wui	+	no	2	D4
sample.345gh	+	no	2	H4
sample.6427645	+	yes	2	E4
sample.678526	+	yes	1	C4
sample.647834	+	no	1	C8
sample.2357	+	no	1	D2
sample.236437	+	no	1	D6
sample.3576trh	+	yes	1	H4
waterctrl.1605			1	H12
waterctrl.1506			2	H12
